h,error_explicito,error_implicito
0.05,0.11787944117144233,0.07656500327300209
0.1,0.36787944117144233,0.13212055882855767
